{"licenses": [{"name": "", "id": 0, "url": ""}], "info": {"contributor": "", "date_created": "", "description": "", "url": "", "version": "", "year": ""}, "categories": [{"id": 1, "name": "sick", "supercategory": ""}], "images": [{"id": 1, "width": 256, "height": 256, "file_name": "TCGA_CS_4941_19960909_14.jpg", "license": 0, "flickr_url": "", "coco_url": "", "date_captured": 0}], "annotations": [{"id": 1, "image_id": 1, "category_id": 1, "segmentation": [[108.01, 113.24, 92.58, 102.54, 81.88, 108.2, 79.99, 91.2, 66.76, 83.33, 54.8, 85.53, 54.17, 79.86, 73.38, 66.32, 71.49, 58.77, 79.36, 51.84, 92.27, 54.04, 103.29, 42.71, 109.9, 41.76, 112.42, 48.38, 108.64, 54.04, 112.11, 60.97, 125.96, 56.88, 128.17, 64.12, 114.63, 68.21, 115.57, 71.36, 127.85, 74.83, 133.83, 94.66, 127.54, 110.72, 118.41, 115.13]], "area": 3205.0, "bbox": [54.17, 41.76, 79.66, 73.37], "iscrowd": 0, "attributes": {"occluded": false}}]}